Code,QR Payload,Buyer Name,Phone,Email,Guests,Payment Status,Amount,Notes,Entered,Entered At,Registered At,Updated At,Updated By
HOH001,HOH001,,,,1,Pending,0,,FALSE,,,,System Init
HOH002,HOH002,,,,1,Pending,0,,FALSE,,,,System Init
HOH003,HOH003,,,,1,Pending,0,,FALSE,,,,System Init
HOH004,HOH004,,,,1,Pending,0,,FALSE,,,,System Init
HOH005,HOH005,,,,1,Pending,0,,FALSE,,,,System Init
HOH006,HOH006,,,,1,Pending,0,,FALSE,,,,System Init
HOH007,HOH007,,,,1,Pending,0,,FALSE,,,,System Init
HOH008,HOH008,,,,1,Pending,0,,FALSE,,,,System Init
HOH009,HOH009,,,,1,Pending,0,,FALSE,,,,System Init
HOH010,HOH010,,,,1,Pending,0,,FALSE,,,,System Init
HOH011,HOH011,,,,1,Pending,0,,FALSE,,,,System Init
HOH012,HOH012,,,,1,Pending,0,,FALSE,,,,System Init
HOH013,HOH013,,,,1,Pending,0,,FALSE,,,,System Init
HOH014,HOH014,,,,1,Pending,0,,FALSE,,,,System Init
HOH015,HOH015,,,,1,Pending,0,,FALSE,,,,System Init
HOH016,HOH016,,,,1,Pending,0,,FALSE,,,,System Init
HOH017,HOH017,,,,1,Pending,0,,FALSE,,,,System Init
HOH018,HOH018,,,,1,Pending,0,,FALSE,,,,System Init
HOH019,HOH019,,,,1,Pending,0,,FALSE,,,,System Init
HOH020,HOH020,,,,1,Pending,0,,FALSE,,,,System Init
HOH021,HOH021,,,,1,Pending,0,,FALSE,,,,System Init
HOH022,HOH022,,,,1,Pending,0,,FALSE,,,,System Init
HOH023,HOH023,,,,1,Pending,0,,FALSE,,,,System Init
HOH024,HOH024,,,,1,Pending,0,,FALSE,,,,System Init
HOH025,HOH025,,,,1,Pending,0,,FALSE,,,,System Init
HOH026,HOH026,,,,1,Pending,0,,FALSE,,,,System Init
HOH027,HOH027,,,,1,Pending,0,,FALSE,,,,System Init
HOH028,HOH028,,,,1,Pending,0,,FALSE,,,,System Init
HOH029,HOH029,,,,1,Pending,0,,FALSE,,,,System Init
HOH030,HOH030,,,,1,Pending,0,,FALSE,,,,System Init
HOH031,HOH031,,,,1,Pending,0,,FALSE,,,,System Init
HOH032,HOH032,,,,1,Pending,0,,FALSE,,,,System Init
HOH033,HOH033,,,,1,Pending,0,,FALSE,,,,System Init
HOH034,HOH034,,,,1,Pending,0,,FALSE,,,,System Init
HOH035,HOH035,,,,1,Pending,0,,FALSE,,,,System Init
HOH036,HOH036,,,,1,Pending,0,,FALSE,,,,System Init
HOH037,HOH037,,,,1,Pending,0,,FALSE,,,,System Init
HOH038,HOH038,,,,1,Pending,0,,FALSE,,,,System Init
HOH039,HOH039,,,,1,Pending,0,,FALSE,,,,System Init
HOH040,HOH040,,,,1,Pending,0,,FALSE,,,,System Init
HOH041,HOH041,,,,1,Pending,0,,FALSE,,,,System Init
HOH042,HOH042,,,,1,Pending,0,,FALSE,,,,System Init
HOH043,HOH043,,,,1,Pending,0,,FALSE,,,,System Init
HOH044,HOH044,,,,1,Pending,0,,FALSE,,,,System Init
HOH045,HOH045,,,,1,Pending,0,,FALSE,,,,System Init
HOH046,HOH046,,,,1,Pending,0,,FALSE,,,,System Init
HOH047,HOH047,,,,1,Pending,0,,FALSE,,,,System Init
HOH048,HOH048,,,,1,Pending,0,,FALSE,,,,System Init
HOH049,HOH049,,,,1,Pending,0,,FALSE,,,,System Init
HOH050,HOH050,,,,1,Pending,0,,FALSE,,,,System Init
